id,title,score,num_comments,author,created_utc,url,upvote_ratio,over_18,edited,spoiler,stickied
1ey6qh5,What is a strong tech stack that would qualify you for most data engineering jobs? ,169,53,Kokadoodles,2024-08-22 01:18:05,https://www.reddit.com/r/dataengineering/comments/1ey6qh5/what_is_a_strong_tech_stack_that_would_qualify/,0.96,False,False,False,False
1eyns4g,Are Data Engineering roles becoming too tool-specific? A look at the trend in today’s market,86,45,No_Independence_1998,2024-08-22 16:29:32,https://www.reddit.com/r/dataengineering/comments/1eyns4g/are_data_engineering_roles_becoming_too/,0.97,False,False,False,False
1eyhpep,Strong engineering skills but unable to land any interviews,35,70,Oenomaus_3575,2024-08-22 12:11:13,https://www.reddit.com/r/dataengineering/comments/1eyhpep/strong_engineering_skills_but_unable_to_land_any/,0.83,False,False,False,False
1ey4s8q,I’m building a small tracker for personal job applications ,18,6,DuckDatum,2024-08-21 23:47:01,https://www.reddit.com/r/dataengineering/comments/1ey4s8q/im_building_a_small_tracker_for_personal_job/,0.83,False,True,False,False
1eyladq,Career Transition from Data Engineer to Software engineer,13,10,ItachiOni,2024-08-22 14:51:13,https://www.reddit.com/r/dataengineering/comments/1eyladq/career_transition_from_data_engineer_to_software/,0.77,False,False,False,False
1eydbft,Pulling from a PowerBI model into aggregated results that users can copy,8,10,tehSlothman,2024-08-22 07:31:09,https://www.reddit.com/r/dataengineering/comments/1eydbft/pulling_from_a_powerbi_model_into_aggregated/,0.91,False,True,False,False
1eypszu,Which AI-Based Tools and IDEs Are You Using for Data Engineering Tasks?,6,8,Aromatic-Emergency75,2024-08-22 17:49:17,https://www.reddit.com/r/dataengineering/comments/1eypszu/which_aibased_tools_and_ides_are_you_using_for/,0.76,False,False,False,False
1eyo5dq,Tracking CSV file changes,8,11,National_Cause_9423,2024-08-22 16:43:52,https://www.reddit.com/r/dataengineering/comments/1eyo5dq/tracking_csv_file_changes/,0.85,False,False,False,False
1eymgvy,Snowflake vs PowerQuery for data transformation,5,7,SalamanderMan95,2024-08-22 15:37:57,https://www.reddit.com/r/dataengineering/comments/1eymgvy/snowflake_vs_powerquery_for_data_transformation/,0.79,False,False,False,False
1eyrxm5,"Pulling Meta Ad Data to S3 - AppFlow, FiveTran, AirByte?",6,7,saucecat2,2024-08-22 19:16:09,https://www.reddit.com/r/dataengineering/comments/1eyrxm5/pulling_meta_ad_data_to_s3_appflow_fivetran/,0.8,False,False,False,False
1eym6c3,"Seeking Advice on Migrating from RDS Postgres to a Scalable Data Warehouse Solution (Redshift, BigQuery, Snowflake) for Real-Time Analytics",4,3,Snehahahaha,2024-08-22 15:26:28,https://www.reddit.com/r/dataengineering/comments/1eym6c3/seeking_advice_on_migrating_from_rds_postgres_to/,0.84,False,False,False,False
1eygikw,Project Architecture Help - Inventory Optimization App,4,6,gban84,2024-08-22 11:06:19,https://www.reddit.com/r/dataengineering/comments/1eygikw/project_architecture_help_inventory_optimization/,0.84,False,False,False,False
1ey8r5f,RDS - BigQuery CDC,4,19,josejo9423,2024-08-22 02:55:46,https://www.reddit.com/r/dataengineering/comments/1ey8r5f/rds_bigquery_cdc/,0.84,False,False,False,False
1eyrzv1,"Data engineering project with Flink (PyFlink), Kafka, Elastic MapReduce, AWS, Dagster, dbt, Metabase and more! ",3,1,jaredfromspacecamp,2024-08-22 19:18:49,https://www.reddit.com/r/dataengineering/comments/1eyrzv1/data_engineering_project_with_flink_pyflink_kafka/,0.81,False,True,False,False
1eypq2d,Help navigating ethical/career implications of a potential side project,3,5,DataSnacks_,2024-08-22 17:46:03,https://www.reddit.com/r/dataengineering/comments/1eypq2d/help_navigating_ethicalcareer_implications_of_a/,0.81,False,False,False,False
1eypaob,Graph database structure question,3,0,data-monger-xyz,2024-08-22 17:28:53,https://www.reddit.com/r/dataengineering/comments/1eypaob/graph_database_structure_question/,0.81,False,False,False,False
1eyjquz,"Dashboard for high-speed rotors, thesis help",3,4,DareX_X,2024-08-22 13:46:22,https://www.reddit.com/r/dataengineering/comments/1eyjquz/dashboard_for_highspeed_rotors_thesis_help/,0.81,False,False,False,False
1eyid2s,Bytebase 2.22.2 released - Schema change and version control for MySQL/PostgreSQL/SQL Server/Oracle/Snowflake/Databricks/ ...,3,0,Adela_freedom,2024-08-22 12:43:51,https://www.bytebase.com/changelog/bytebase-2-22-2/,0.81,False,False,False,False
1eyar3u,SOC2: Can anyone point me to a free online template to conduct internal soc2 gap analysis?,3,0,citizenofacceptance2,2024-08-22 04:42:37,https://www.reddit.com/r/dataengineering/comments/1eyar3u/soc2_can_anyone_point_me_to_a_free_online/,1.0,False,False,False,False
1ey8k4g,Speculate on Databricks Tabular Acquisition?,3,4,BigLehnny,2024-08-22 02:45:57,https://www.reddit.com/r/dataengineering/comments/1ey8k4g/speculate_on_databricks_tabular_acquisition/,0.67,False,False,False,False
1eyt53s,Pointers to practice Data vault 2.0 modelling ,2,0,No_Requirement_9200,2024-08-22 20:06:24,https://www.reddit.com/r/dataengineering/comments/1eyt53s/pointers_to_practice_data_vault_20_modelling/,0.76,False,False,False,False
1eyskv0,Minimal Azure environment for running Databricks,2,2,waumau,2024-08-22 19:43:23,https://www.reddit.com/r/dataengineering/comments/1eyskv0/minimal_azure_environment_for_running_databricks/,0.76,False,False,False,False
1eyf8m4,PDF to Image,2,2,clues_one,2024-08-22 09:46:08,https://www.reddit.com/r/dataengineering/comments/1eyf8m4/pdf_to_image/,0.67,False,False,False,False
1ey56ej,UKG Pro to Snowflake?,2,1,Exciting_Engineer_10,2024-08-22 00:05:00,https://www.reddit.com/r/dataengineering/comments/1ey56ej/ukg_pro_to_snowflake/,0.76,False,False,False,False
1eywtzz,dbt in Airflow worker vs ECS,3,2,JaceBearelen,2024-08-22 22:43:21,https://www.reddit.com/r/dataengineering/comments/1eywtzz/dbt_in_airflow_worker_vs_ecs/,1.0,False,False,False,False
1eyupii,Tooling around DBT core,1,1,Interesting_Grocery1,2024-08-22 21:11:39,https://www.reddit.com/r/dataengineering/comments/1eyupii/tooling_around_dbt_core/,0.67,False,False,False,False
1eyuly9,What’s the best way to keep track of SLA’s with upstream teams? ,1,0,khaili109,2024-08-22 21:07:25,https://www.reddit.com/r/dataengineering/comments/1eyuly9/whats_the_best_way_to_keep_track_of_slas_with/,0.67,False,False,False,False
1eys0yl,Is Microsoft Fabric certification worth it ?,1,7,Gohan_24,2024-08-22 19:20:03,https://www.reddit.com/r/dataengineering/comments/1eys0yl/is_microsoft_fabric_certification_worth_it/,0.67,False,False,False,False
1eylnhh,Power BI August 2024 UPDATE: 7 NEW Features!!!,1,0,PowerBIBro,2024-08-22 15:05:38,https://youtube.com/watch?v=w1a55ujmEm4&si=ClZ8cXlWERGSgkJ4,0.67,False,False,False,False
1eylk70,Looking for an intersection field,1,0,blubucky,2024-08-22 15:02:09,https://www.reddit.com/r/dataengineering/comments/1eylk70/looking_for_an_intersection_field/,0.67,False,False,False,False
1eyl9ar,Need help with moving only json files from one folder to another folder,1,1,Its__Ram,2024-08-22 14:49:59,https://www.reddit.com/r/dataengineering/comments/1eyl9ar/need_help_with_moving_only_json_files_from_one/,0.67,False,False,False,False
1eyvcyj,How is MS Fabric different from the Azure ecosystem?,2,10,renblaze10,2024-08-22 21:39:19,https://www.reddit.com/r/dataengineering/comments/1eyvcyj/how_is_ms_fabric_different_from_the_azure/,0.75,False,False,False,False
1eyjsl6,Which AWS Account Should I Use for Databricks Subscription Through AWS Marketplace?,0,1,yeager_doug,2024-08-22 13:48:32,https://www.reddit.com/r/dataengineering/comments/1eyjsl6/which_aws_account_should_i_use_for_databricks/,0.5,False,False,False,False
1eyfr84,Please take a moment to review my video on MySQL vs PostgreSQL.,0,0,WeLearnSQL,2024-08-22 10:20:06,https://www.reddit.com/r/dataengineering/comments/1eyfr84/please_take_a_moment_to_review_my_video_on_mysql/,0.5,False,False,False,False
1ey66al,Polished technical videos or raw technical videos?,0,0,Dazzling-News1937,2024-08-22 00:51:59,https://www.reddit.com/r/dataengineering/comments/1ey66al/polished_technical_videos_or_raw_technical_videos/,0.5,False,False,False,False
1eyg19r,A lot of discussions about data extraction tools!,0,3,Growthfrrd,2024-08-22 10:37:39,https://www.reddit.com/r/dataengineering/comments/1eyg19r/a_lot_of_discussions_about_data_extraction_tools/,0.36,False,False,False,False
